"na","Jarvi_tyyppi3","median_CODmn","J_Jarvi_Id","V_Vesimuodostuma_Id","Paikka_Id","cond__","effect1__","effect2__","estimate__","se__","lower__","upper__"
1960,"humuksinen",9.4340633539004,NA,NA,NA,"1",1960,"humuksinen",13.2040234307874,0.739725541810413,11.7794104258973,14.8214079977587
1960,"vähähumuksinen",9.4340633539004,NA,NA,NA,"1",1960,"vähähumuksinen",8.3332905343864,0.489989052994442,7.4047699193906,9.28909550023414
1960.63636363636,"humuksinen",9.4340633539004,NA,NA,NA,"1",1960.63636363636,"humuksinen",13.1628791995272,0.7114285674068,11.7921372279149,14.7323600246714
1960.63636363636,"vähähumuksinen",9.4340633539004,NA,NA,NA,"1",1960.63636363636,"vähähumuksinen",8.26055507655968,0.467401741993416,7.35823305161774,9.18909806387934
1961.27272727273,"humuksinen",9.4340633539004,NA,NA,NA,"1",1961.27272727273,"humuksinen",13.119006641264,0.690364500006197,11.7902780064065,14.6266881796418
1961.27272727273,"vähähumuksinen",9.4340633539004,NA,NA,NA,"1",1961.27272727273,"vähähumuksinen",8.18669305644507,0.44910230782191,7.30701906576156,9.06621090787404
1961.90909090909,"humuksinen",9.4340633539004,NA,NA,NA,"1",1961.90909090909,"humuksinen",13.068954409736,0.676266840064821,11.776489980069,14.5320390184168
1961.90909090909,"vähähumuksinen",9.4340633539004,NA,NA,NA,"1",1961.90909090909,"vähähumuksinen",8.1167167648306,0.435974489832257,7.26019655197689,8.96203534403186
1962.54545454545,"humuksinen",9.4340633539004,NA,NA,NA,"1",1962.54545454545,"humuksinen",13.0159681356792,0.664309881483931,11.7537272382807,14.4628306529876
1962.54545454545,"vähähumuksinen",9.4340633539004,NA,NA,NA,"1",1962.54545454545,"vähähumuksinen",8.04635060668774,0.417264161474195,7.21194384602212,8.85256596698258
1963.18181818182,"humuksinen",9.4340633539004,NA,NA,NA,"1",1963.18181818182,"humuksinen",12.9630727231399,0.654352815218418,11.7118442166986,14.3728737220297
1963.18181818182,"vähähumuksinen",9.4340633539004,NA,NA,NA,"1",1963.18181818182,"vähähumuksinen",7.96900106640231,0.404472285814756,7.16256305219663,8.75870083720406
1963.81818181818,"humuksinen",9.4340633539004,NA,NA,NA,"1",1963.81818181818,"humuksinen",12.9133383171332,0.638655070272071,11.6825810005768,14.288476526466
1963.81818181818,"vähähumuksinen",9.4340633539004,NA,NA,NA,"1",1963.81818181818,"vähähumuksinen",7.89823474578164,0.394471629835508,7.10186521745738,8.67261543664657
1964.45454545455,"humuksinen",9.4340633539004,NA,NA,NA,"1",1964.45454545455,"humuksinen",12.8558721899635,0.634365667659724,11.6375188036385,14.2113850589338
1964.45454545455,"vähähumuksinen",9.4340633539004,NA,NA,NA,"1",1964.45454545455,"vähähumuksinen",7.82496983041325,0.385945510835684,7.04920963293564,8.57055053260175
1965.09090909091,"humuksinen",9.4340633539004,NA,NA,NA,"1",1965.09090909091,"humuksinen",12.7995730797011,0.632329731859966,11.5990228194592,14.1459252967537
1965.09090909091,"vähähumuksinen",9.4340633539004,NA,NA,NA,"1",1965.09090909091,"vähähumuksinen",7.75284072791351,0.38122121029134,6.98887534453421,8.48227679664618
1965.72727272727,"humuksinen",9.4340633539004,NA,NA,NA,"1",1965.72727272727,"humuksinen",12.7450290670843,0.627938753328384,11.5401451413171,14.0807394236241
1965.72727272727,"vähähumuksinen",9.4340633539004,NA,NA,NA,"1",1965.72727272727,"vähähumuksinen",7.6804235034437,0.374399723994843,6.92972297602204,8.39131076775199
1966.36363636364,"humuksinen",9.4340633539004,NA,NA,NA,"1",1966.36363636364,"humuksinen",12.6761329333145,0.620794496997207,11.4914289397439,13.9875720382154
1966.36363636364,"vähähumuksinen",9.4340633539004,NA,NA,NA,"1",1966.36363636364,"vähähumuksinen",7.607031562371,0.368164188997549,6.87190461579019,8.30482666627805
1967,"humuksinen",9.4340633539004,NA,NA,NA,"1",1967,"humuksinen",12.60776988986,0.61479312081315,11.4381244858189,13.9009956287965
1967,"vähähumuksinen",9.4340633539004,NA,NA,NA,"1",1967,"vähähumuksinen",7.53143737597937,0.361953938831664,6.81004031202883,8.2175762448477
1967.63636363636,"humuksinen",9.4340633539004,NA,NA,NA,"1",1967.63636363636,"humuksinen",12.5394977770403,0.611388175193043,11.3763323993759,13.8184549105448
1967.63636363636,"vähähumuksinen",9.4340633539004,NA,NA,NA,"1",1967.63636363636,"vähähumuksinen",7.45943865106269,0.358779982797968,6.7423979280859,8.14211864777126
1968.27272727273,"humuksinen",9.4340633539004,NA,NA,NA,"1",1968.27272727273,"humuksinen",12.470769360441,0.608299953061174,11.3152975826981,13.7252744948468
1968.27272727273,"vähähumuksinen",9.4340633539004,NA,NA,NA,"1",1968.27272727273,"vähähumuksinen",7.39042821543582,0.350023305330065,6.67884180317693,8.06392169682255
1968.90909090909,"humuksinen",9.4340633539004,NA,NA,NA,"1",1968.90909090909,"humuksinen",12.3981259512464,0.600720330268984,11.2413942089507,13.6362033759585
1968.90909090909,"vähähumuksinen",9.4340633539004,NA,NA,NA,"1",1968.90909090909,"vähähumuksinen",7.31807833841658,0.348189737783065,6.61629345585331,7.98904321999038
1969.54545454545,"humuksinen",9.4340633539004,NA,NA,NA,"1",1969.54545454545,"humuksinen",12.3205512283575,0.594665022980399,11.1730297824456,13.5460328291516
1969.54545454545,"vähähumuksinen",9.4340633539004,NA,NA,NA,"1",1969.54545454545,"vähähumuksinen",7.24830209238898,0.34569772696095,6.55590940813594,7.92077341224484
1970.18181818182,"humuksinen",9.4340633539004,NA,NA,NA,"1",1970.18181818182,"humuksinen",12.2404647623192,0.590083356915919,11.1054652556607,13.4587633941536
1970.18181818182,"vähähumuksinen",9.4340633539004,NA,NA,NA,"1",1970.18181818182,"vähähumuksinen",7.17988498847283,0.344092505251229,6.50008857017365,7.84997396711863
1970.81818181818,"humuksinen",9.4340633539004,NA,NA,NA,"1",1970.81818181818,"humuksinen",12.1616684029233,0.58435839130563,11.0401727294193,13.3774957842068
1970.81818181818,"vähähumuksinen",9.4340633539004,NA,NA,NA,"1",1970.81818181818,"vähähumuksinen",7.11770894689921,0.342234991148652,6.4477804712138,7.78379077934528
1971.45454545455,"humuksinen",9.4340633539004,NA,NA,NA,"1",1971.45454545455,"humuksinen",12.0823294680938,0.580669926910304,10.9665673184125,13.283567947119
1971.45454545455,"vähähumuksinen",9.4340633539004,NA,NA,NA,"1",1971.45454545455,"vähähumuksinen",7.06026176430248,0.339257219294848,6.3998590957781,7.71892589730891
1972.09090909091,"humuksinen",9.4340633539004,NA,NA,NA,"1",1972.09090909091,"humuksinen",11.9997854730195,0.57888470158391,10.8945664419452,13.195917469665
1972.09090909091,"vähähumuksinen",9.4340633539004,NA,NA,NA,"1",1972.09090909091,"vähähumuksinen",7.00406155896742,0.33969428125252,6.35195060915351,7.66128653737954
1972.72727272727,"humuksinen",9.4340633539004,NA,NA,NA,"1",1972.72727272727,"humuksinen",11.9149036828112,0.576295959163438,10.8233680784264,13.1083814143047
1972.72727272727,"vähähumuksinen",9.4340633539004,NA,NA,NA,"1",1972.72727272727,"vähähumuksinen",6.95237253290129,0.335738181371803,6.29881868132304,7.59552045246593
1973.36363636364,"humuksinen",9.4340633539004,NA,NA,NA,"1",1973.36363636364,"humuksinen",11.8365312676069,0.569285710175797,10.7455094632025,13.0035130879386
1973.36363636364,"vähähumuksinen",9.4340633539004,NA,NA,NA,"1",1973.36363636364,"vähähumuksinen",6.90338734421816,0.333516675049467,6.25174477912566,7.54401682847766
1974,"humuksinen",9.4340633539004,NA,NA,NA,"1",1974,"humuksinen",11.7545666590135,0.566375580251131,10.6723616266949,12.9162432614662
1974,"vähähumuksinen",9.4340633539004,NA,NA,NA,"1",1974,"vähähumuksinen",6.86193811285794,0.327199101909942,6.20467341520827,7.49984899226522
1974.63636363636,"humuksinen",9.4340633539004,NA,NA,NA,"1",1974.63636363636,"humuksinen",11.6682888143655,0.561033651152247,10.5960435068649,12.8297600743684
1974.63636363636,"vähähumuksinen",9.4340633539004,NA,NA,NA,"1",1974.63636363636,"vähähumuksinen",6.82368031011351,0.327344366791534,6.17081517200122,7.46377562674182
1975.27272727273,"humuksinen",9.4340633539004,NA,NA,NA,"1",1975.27272727273,"humuksinen",11.5865188569465,0.556659040848219,10.5295423080796,12.744799082313
1975.27272727273,"vähähumuksinen",9.4340633539004,NA,NA,NA,"1",1975.27272727273,"vähähumuksinen",6.78770155263349,0.324350704091744,6.13272293098992,7.42430020212539
1975.90909090909,"humuksinen",9.4340633539004,NA,NA,NA,"1",1975.90909090909,"humuksinen",11.5044509622833,0.554385774683406,10.4503833489661,12.6612626403782
1975.90909090909,"vähähumuksinen",9.4340633539004,NA,NA,NA,"1",1975.90909090909,"vähähumuksinen",6.75819655260288,0.323233425940253,6.10831587342807,7.38845386871249
1976.54545454545,"humuksinen",9.4340633539004,NA,NA,NA,"1",1976.54545454545,"humuksinen",11.4280558765236,0.551026928123609,10.3758367449647,12.575151487944
1976.54545454545,"vähähumuksinen",9.4340633539004,NA,NA,NA,"1",1976.54545454545,"vähähumuksinen",6.73265422099738,0.320877928339437,6.08475922808721,7.36102480257524
1977.18181818182,"humuksinen",9.4340633539004,NA,NA,NA,"1",1977.18181818182,"humuksinen",11.3498859295062,0.548011443883177,10.3166582192818,12.4852388049322
1977.18181818182,"vähähumuksinen",9.4340633539004,NA,NA,NA,"1",1977.18181818182,"vähähumuksinen",6.71097693663121,0.320081859433832,6.06446550721039,7.33424739413941
1977.81818181818,"humuksinen",9.4340633539004,NA,NA,NA,"1",1977.81818181818,"humuksinen",11.2737580688682,0.546060071755894,10.2479313936264,12.4053443393945
1977.81818181818,"vähähumuksinen",9.4340633539004,NA,NA,NA,"1",1977.81818181818,"vähähumuksinen",6.69238798373422,0.317905194228985,6.05717557562195,7.31523290328313
1978.45454545455,"humuksinen",9.4340633539004,NA,NA,NA,"1",1978.45454545455,"humuksinen",11.2025063381363,0.540926744829602,10.1771623309196,12.3305424417107
1978.45454545455,"vähähumuksinen",9.4340633539004,NA,NA,NA,"1",1978.45454545455,"vähähumuksinen",6.6778030792107,0.318658470640238,6.04575359298179,7.29982095982018
1979.09090909091,"humuksinen",9.4340633539004,NA,NA,NA,"1",1979.09090909091,"humuksinen",11.1349239099559,0.535006834537679,10.1199541007396,12.2553618864713
1979.09090909091,"vähähumuksinen",9.4340633539004,NA,NA,NA,"1",1979.09090909091,"vähähumuksinen",6.66412231569161,0.317782600249858,6.02605560113949,7.28719631972508
1979.72727272727,"humuksinen",9.4340633539004,NA,NA,NA,"1",1979.72727272727,"humuksinen",11.0643615110938,0.534311485203211,10.0540321069455,12.1817511029391
1979.72727272727,"vähähumuksinen",9.4340633539004,NA,NA,NA,"1",1979.72727272727,"vähähumuksinen",6.65299484099712,0.317458328333621,6.01470580256477,7.27341872605422
1980.36363636364,"humuksinen",9.4340633539004,NA,NA,NA,"1",1980.36363636364,"humuksinen",10.9988578261826,0.534484214217562,9.99610484272689,12.1129863280591
1980.36363636364,"vähähumuksinen",9.4340633539004,NA,NA,NA,"1",1980.36363636364,"vähähumuksinen",6.64326655490734,0.31600635734068,6.00708336666004,7.26064039788597
1981,"humuksinen",9.4340633539004,NA,NA,NA,"1",1981,"humuksinen",10.9378102852952,0.533156812736966,9.93716048821555,12.0401157840878
1981,"vähähumuksinen",9.4340633539004,NA,NA,NA,"1",1981,"vähähumuksinen",6.63416404313403,0.315303615362146,6.0022822760421,7.24823902929551
1981.63636363636,"humuksinen",9.4340633539004,NA,NA,NA,"1",1981.63636363636,"humuksinen",10.8750752085558,0.53045241493016,9.88473011492825,11.9707685605259
1981.63636363636,"vähähumuksinen",9.4340633539004,NA,NA,NA,"1",1981.63636363636,"vähähumuksinen",6.62347665511609,0.312152407351711,5.98805759224098,7.24042842963017
1982.27272727273,"humuksinen",9.4340633539004,NA,NA,NA,"1",1982.27272727273,"humuksinen",10.8118122892279,0.525699687107168,9.82851922158515,11.8890245549357
1982.27272727273,"vähähumuksinen",9.4340633539004,NA,NA,NA,"1",1982.27272727273,"vähähumuksinen",6.61427556045441,0.312030615756292,5.97566477489746,7.23001981135755
1982.90909090909,"humuksinen",9.4340633539004,NA,NA,NA,"1",1982.90909090909,"humuksinen",10.750860675118,0.52741639117425,9.77514062716256,11.8191213778509
1982.90909090909,"vähähumuksinen",9.4340633539004,NA,NA,NA,"1",1982.90909090909,"vähähumuksinen",6.6039911290337,0.30910337469997,5.96224896092164,7.22263290566635
1983.54545454545,"humuksinen",9.4340633539004,NA,NA,NA,"1",1983.54545454545,"humuksinen",10.6905338025933,0.527708824263404,9.72231475855029,11.7687806265888
1983.54545454545,"vähähumuksinen",9.4340633539004,NA,NA,NA,"1",1983.54545454545,"vähähumuksinen",6.59279140195984,0.308895799614811,5.95370326187042,7.21470885579894
1984.18181818182,"humuksinen",9.4340633539004,NA,NA,NA,"1",1984.18181818182,"humuksinen",10.6340847210677,0.526555638599041,9.67155775884522,11.717022795956
1984.18181818182,"vähähumuksinen",9.4340633539004,NA,NA,NA,"1",1984.18181818182,"vähähumuksinen",6.58145629905283,0.30976812044046,5.94563099262394,7.20354344010747
1984.81818181818,"humuksinen",9.4340633539004,NA,NA,NA,"1",1984.81818181818,"humuksinen",10.5779622748967,0.528482538190799,9.61923063374531,11.6635431453192
1984.81818181818,"vähähumuksinen",9.4340633539004,NA,NA,NA,"1",1984.81818181818,"vähähumuksinen",6.57073584467777,0.311798969008577,5.93633380981159,7.19135176401013
1985.45454545455,"humuksinen",9.4340633539004,NA,NA,NA,"1",1985.45454545455,"humuksinen",10.5262386489742,0.528873987132097,9.57736650824903,11.5985262156731
1985.45454545455,"vähähumuksinen",9.4340633539004,NA,NA,NA,"1",1985.45454545455,"vähähumuksinen",6.55768683269916,0.31178896834178,5.92611109099233,7.18469878015636
1986.09090909091,"humuksinen",9.4340633539004,NA,NA,NA,"1",1986.09090909091,"humuksinen",10.4739648359229,0.525746529400946,9.5350628060392,11.5485884577923
1986.09090909091,"vähähumuksinen",9.4340633539004,NA,NA,NA,"1",1986.09090909091,"vähähumuksinen",6.54134726262417,0.310346611342367,5.91119178198376,7.16439351371845
1986.72727272727,"humuksinen",9.4340633539004,NA,NA,NA,"1",1986.72727272727,"humuksinen",10.4238777815894,0.521735984411239,9.48991674493335,11.4941077546497
1986.72727272727,"vähähumuksinen",9.4340633539004,NA,NA,NA,"1",1986.72727272727,"vähähumuksinen",6.52436961888817,0.309477872631441,5.89401333500667,7.15484941483381
1987.36363636364,"humuksinen",9.4340633539004,NA,NA,NA,"1",1987.36363636364,"humuksinen",10.3828105172174,0.521014200194437,9.44646661304601,11.4377966663988
1987.36363636364,"vähähumuksinen",9.4340633539004,NA,NA,NA,"1",1987.36363636364,"vähähumuksinen",6.50481851993984,0.308768287714933,5.87934263649924,7.12817884417075
1988,"humuksinen",9.4340633539004,NA,NA,NA,"1",1988,"humuksinen",10.3393094630541,0.514976510742161,9.41722239796341,11.3919839810513
1988,"vähähumuksinen",9.4340633539004,NA,NA,NA,"1",1988,"vähähumuksinen",6.48253952982804,0.308879600904185,5.86236781630744,7.10199180991806
1988.63636363636,"humuksinen",9.4340633539004,NA,NA,NA,"1",1988.63636363636,"humuksinen",10.2974815221898,0.512263932236865,9.37979416980389,11.3390273216268
1988.63636363636,"vähähumuksinen",9.4340633539004,NA,NA,NA,"1",1988.63636363636,"vähähumuksinen",6.45994462015262,0.308913782819537,5.84285196817605,7.07497593242571
1989.27272727273,"humuksinen",9.4340633539004,NA,NA,NA,"1",1989.27272727273,"humuksinen",10.2594223994597,0.511203072669775,9.35106072453533,11.3078158639776
1989.27272727273,"vähähumuksinen",9.4340633539004,NA,NA,NA,"1",1989.27272727273,"vähähumuksinen",6.43502368069803,0.306426776298768,5.8260773237058,7.04643472286343
1989.90909090909,"humuksinen",9.4340633539004,NA,NA,NA,"1",1989.90909090909,"humuksinen",10.226668434112,0.509333111622354,9.32271316273514,11.2725116078987
1989.90909090909,"vähähumuksinen",9.4340633539004,NA,NA,NA,"1",1989.90909090909,"vähähumuksinen",6.41017665961326,0.302337434532389,5.80488266146321,7.01323868689986
1990.54545454545,"humuksinen",9.4340633539004,NA,NA,NA,"1",1990.54545454545,"humuksinen",10.2003870225159,0.511100496091799,9.29503108331117,11.2401866474247
1990.54545454545,"vähähumuksinen",9.4340633539004,NA,NA,NA,"1",1990.54545454545,"vähähumuksinen",6.38290332551609,0.301760933579705,5.7867028986508,6.98505304997511
1991.18181818182,"humuksinen",9.4340633539004,NA,NA,NA,"1",1991.18181818182,"humuksinen",10.177455528964,0.510819911046136,9.27435995680269,11.2175168938401
1991.18181818182,"vähähumuksinen",9.4340633539004,NA,NA,NA,"1",1991.18181818182,"vähähumuksinen",6.3576865811587,0.301181839702578,5.76756385633067,6.95351085744445
1991.81818181818,"humuksinen",9.4340633539004,NA,NA,NA,"1",1991.81818181818,"humuksinen",10.1608181871698,0.512150056248023,9.24757330274635,11.200502090024
1991.81818181818,"vähähumuksinen",9.4340633539004,NA,NA,NA,"1",1991.81818181818,"vähähumuksinen",6.33156950111695,0.300515403836107,5.75011634633067,6.92739338795064
1992.45454545455,"humuksinen",9.4340633539004,NA,NA,NA,"1",1992.45454545455,"humuksinen",10.1469107685174,0.513179295854369,9.23147629623167,11.1752529654754
1992.45454545455,"vähähumuksinen",9.4340633539004,NA,NA,NA,"1",1992.45454545455,"vähähumuksinen",6.30570437059835,0.299043056494138,5.7294874394594,6.90031704735751
1993.09090909091,"humuksinen",9.4340633539004,NA,NA,NA,"1",1993.09090909091,"humuksinen",10.1370342886274,0.509472017509036,9.22202959711858,11.1769136856538
1993.09090909091,"vähähumuksinen",9.4340633539004,NA,NA,NA,"1",1993.09090909091,"vähähumuksinen",6.27811361412526,0.297877842625486,5.70498819513492,6.87299644275367
1993.72727272727,"humuksinen",9.4340633539004,NA,NA,NA,"1",1993.72727272727,"humuksinen",10.1341957355758,0.510178799147515,9.21384797595168,11.1781411880011
1993.72727272727,"vähähumuksinen",9.4340633539004,NA,NA,NA,"1",1993.72727272727,"vähähumuksinen",6.25414599156441,0.296624218008086,5.67870171874455,6.84428388224811
1994.36363636364,"humuksinen",9.4340633539004,NA,NA,NA,"1",1994.36363636364,"humuksinen",10.1328546129505,0.509906884910691,9.21997894617772,11.1700501119766
1994.36363636364,"vähähumuksinen",9.4340633539004,NA,NA,NA,"1",1994.36363636364,"vähähumuksinen",6.23418505135615,0.298077550802236,5.65363023099663,6.81718846402108
1995,"humuksinen",9.4340633539004,NA,NA,NA,"1",1995,"humuksinen",10.1383304629947,0.51181620540153,9.22423257441526,11.1695245255354
1995,"vähähumuksinen",9.4340633539004,NA,NA,NA,"1",1995,"vähähumuksinen",6.21439191296691,0.295241365469392,5.63005545074304,6.79294443670898
1995.63636363636,"humuksinen",9.4340633539004,NA,NA,NA,"1",1995.63636363636,"humuksinen",10.1501552127595,0.511403214292724,9.23154819751173,11.1852599208721
1995.63636363636,"vähähumuksinen",9.4340633539004,NA,NA,NA,"1",1995.63636363636,"vähähumuksinen",6.19572480085617,0.294752502434815,5.61120412042841,6.76954488998342
1996.27272727273,"humuksinen",9.4340633539004,NA,NA,NA,"1",1996.27272727273,"humuksinen",10.1698369120694,0.514859099580345,9.24334052615656,11.2102035847901
1996.27272727273,"vähähumuksinen",9.4340633539004,NA,NA,NA,"1",1996.27272727273,"vähähumuksinen",6.18087249975198,0.294815097657357,5.59808344106872,6.75307516775453
1996.90909090909,"humuksinen",9.4340633539004,NA,NA,NA,"1",1996.90909090909,"humuksinen",10.191946344726,0.513580210806772,9.26054103576378,11.2379205783672
1996.90909090909,"vähähumuksinen",9.4340633539004,NA,NA,NA,"1",1996.90909090909,"vähähumuksinen",6.16941154425231,0.297061309497812,5.59083267802287,6.73877291536996
1997.54545454545,"humuksinen",9.4340633539004,NA,NA,NA,"1",1997.54545454545,"humuksinen",10.2221556433594,0.518826842780787,9.28586587592589,11.2720869135918
1997.54545454545,"vähähumuksinen",9.4340633539004,NA,NA,NA,"1",1997.54545454545,"vähähumuksinen",6.1639260793485,0.295565040071453,5.58538041593968,6.72837127710821
1998.18181818182,"humuksinen",9.4340633539004,NA,NA,NA,"1",1998.18181818182,"humuksinen",10.2552989703605,0.51892667926493,9.31332509725158,11.3111260716774
1998.18181818182,"vähähumuksinen",9.4340633539004,NA,NA,NA,"1",1998.18181818182,"vähähumuksinen",6.15949354025916,0.295676192006409,5.57921790278969,6.72373678855804
1998.81818181818,"humuksinen",9.4340633539004,NA,NA,NA,"1",1998.81818181818,"humuksinen",10.2900004026378,0.518706998279732,9.34684370010754,11.3483148048032
1998.81818181818,"vähähumuksinen",9.4340633539004,NA,NA,NA,"1",1998.81818181818,"vähähumuksinen",6.16188966156057,0.296613286231848,5.58045521504909,6.72638489675276
1999.45454545455,"humuksinen",9.4340633539004,NA,NA,NA,"1",1999.45454545455,"humuksinen",10.3294902211565,0.521366466172526,9.38738365633585,11.3846303089099
1999.45454545455,"vähähumuksinen",9.4340633539004,NA,NA,NA,"1",1999.45454545455,"vähähumuksinen",6.16674254762864,0.296952594752112,5.58877272202876,6.73643223905024
2000.09090909091,"humuksinen",9.4340633539004,NA,NA,NA,"1",2000.09090909091,"humuksinen",10.3685929167584,0.519899196652388,9.43770516378137,11.4490666130206
2000.09090909091,"vähähumuksinen",9.4340633539004,NA,NA,NA,"1",2000.09090909091,"vähähumuksinen",6.17721872164577,0.295626218846044,5.59571517523467,6.75294781337042
2000.72727272727,"humuksinen",9.4340633539004,NA,NA,NA,"1",2000.72727272727,"humuksinen",10.4173765428655,0.524558903119562,9.47967611363522,11.498562187391
2000.72727272727,"vähähumuksinen",9.4340633539004,NA,NA,NA,"1",2000.72727272727,"vähähumuksinen",6.18902629805232,0.295339459668985,5.60256434176045,6.76962503335959
2001.36363636364,"humuksinen",9.4340633539004,NA,NA,NA,"1",2001.36363636364,"humuksinen",10.4651671060852,0.525226300660151,9.52281658441846,11.5445957285891
2001.36363636364,"vähähumuksinen",9.4340633539004,NA,NA,NA,"1",2001.36363636364,"vähähumuksinen",6.20856284397966,0.296533896174913,5.62276456860695,6.79010100047083
2002,"humuksinen",9.4340633539004,NA,NA,NA,"1",2002,"humuksinen",10.515328492897,0.521012022346605,9.57931339429229,11.5977702087618
2002,"vähähumuksinen",9.4340633539004,NA,NA,NA,"1",2002,"vähähumuksinen",6.23252462262372,0.29950198649601,5.6511201755387,6.81707622319531
2002.63636363636,"humuksinen",9.4340633539004,NA,NA,NA,"1",2002.63636363636,"humuksinen",10.5705647747508,0.525536077946745,9.62498959130882,11.6486017292931
2002.63636363636,"vähähumuksinen",9.4340633539004,NA,NA,NA,"1",2002.63636363636,"vähähumuksinen",6.26262262190152,0.299400121575201,5.68267328623806,6.84831135885482
2003.27272727273,"humuksinen",9.4340633539004,NA,NA,NA,"1",2003.27272727273,"humuksinen",10.619766425356,0.522865600392821,9.67458355267853,11.7069034982321
2003.27272727273,"vähähumuksinen",9.4340633539004,NA,NA,NA,"1",2003.27272727273,"vähähumuksinen",6.29851678757204,0.298774534253188,5.7133475247124,6.89043808075443
2003.90909090909,"humuksinen",9.4340633539004,NA,NA,NA,"1",2003.90909090909,"humuksinen",10.6739177680128,0.529640340657895,9.72926644865771,11.7774433312255
2003.90909090909,"vähähumuksinen",9.4340633539004,NA,NA,NA,"1",2003.90909090909,"vähähumuksinen",6.33699711090712,0.299914277259821,5.74546664357329,6.92748065639823
2004.54545454545,"humuksinen",9.4340633539004,NA,NA,NA,"1",2004.54545454545,"humuksinen",10.7296842946623,0.527492093920733,9.77805425600755,11.8486147668264
2004.54545454545,"vähähumuksinen",9.4340633539004,NA,NA,NA,"1",2004.54545454545,"vähähumuksinen",6.37880697549805,0.299823808279845,5.78661332861303,6.97447688902489
2005.18181818182,"humuksinen",9.4340633539004,NA,NA,NA,"1",2005.18181818182,"humuksinen",10.7854296556101,0.529666827360664,9.83206994934752,11.8984429919386
2005.18181818182,"vähähumuksinen",9.4340633539004,NA,NA,NA,"1",2005.18181818182,"vähähumuksinen",6.42565422102543,0.300206209302534,5.82417983928314,7.0227257123134
2005.81818181818,"humuksinen",9.4340633539004,NA,NA,NA,"1",2005.81818181818,"humuksinen",10.8365390958908,0.533155998736824,9.87707385553149,11.9532425275451
2005.81818181818,"vähähumuksinen",9.4340633539004,NA,NA,NA,"1",2005.81818181818,"vähähumuksinen",6.47205922655981,0.30569918834412,5.86675570275004,7.07892844402523
2006.45454545455,"humuksinen",9.4340633539004,NA,NA,NA,"1",2006.45454545455,"humuksinen",10.8933302248282,0.534328990574105,9.92810563743314,12.0259233638172
2006.45454545455,"vähähumuksinen",9.4340633539004,NA,NA,NA,"1",2006.45454545455,"vähähumuksinen",6.52222815524025,0.308177570313743,5.91177442486039,7.1343281379794
2007.09090909091,"humuksinen",9.4340633539004,NA,NA,NA,"1",2007.09090909091,"humuksinen",10.9463782266366,0.538493291752082,9.96975373776033,12.0795891317733
2007.09090909091,"vähähumuksinen",9.4340633539004,NA,NA,NA,"1",2007.09090909091,"vähähumuksinen",6.57358331280722,0.309258104967766,5.95433105317517,7.19082562458175
2007.72727272727,"humuksinen",9.4340633539004,NA,NA,NA,"1",2007.72727272727,"humuksinen",10.995709494666,0.54044898403311,10.0125823391236,12.135487503472
2007.72727272727,"vähähumuksinen",9.4340633539004,NA,NA,NA,"1",2007.72727272727,"vähähumuksinen",6.62473744221111,0.310884661609793,5.99691531581475,7.24899874804504
2008.36363636364,"humuksinen",9.4340633539004,NA,NA,NA,"1",2008.36363636364,"humuksinen",11.0456133691885,0.542757705804066,10.0539881840111,12.1800432685493
2008.36363636364,"vähähumuksinen",9.4340633539004,NA,NA,NA,"1",2008.36363636364,"vähähumuksinen",6.67474497229299,0.312820323398361,6.04126409877133,7.30851587921983
2009,"humuksinen",9.4340633539004,NA,NA,NA,"1",2009,"humuksinen",11.0886410997489,0.546243880143019,10.0835277848111,12.2361900030709
2009,"vähähumuksinen",9.4340633539004,NA,NA,NA,"1",2009,"vähähumuksinen",6.72450599946573,0.31409472124378,6.08288774623523,7.36578423640559
2009.63636363636,"humuksinen",9.4340633539004,NA,NA,NA,"1",2009.63636363636,"humuksinen",11.1309639696474,0.551077460329716,10.121196975728,12.2927916492495
2009.63636363636,"vähähumuksinen",9.4340633539004,NA,NA,NA,"1",2009.63636363636,"vähähumuksinen",6.77092265415953,0.31747478571107,6.11977917162167,7.42382483129554
2010.27272727273,"humuksinen",9.4340633539004,NA,NA,NA,"1",2010.27272727273,"humuksinen",11.1711947532494,0.551484789876982,10.1581458237515,12.3409636201104
2010.27272727273,"vähähumuksinen",9.4340633539004,NA,NA,NA,"1",2010.27272727273,"vähähumuksinen",6.81872896557623,0.319617428545773,6.16219287155036,7.47374622782974
2010.90909090909,"humuksinen",9.4340633539004,NA,NA,NA,"1",2010.90909090909,"humuksinen",11.2051431813566,0.551863460360083,10.1832495190122,12.3803987992794
2010.90909090909,"vähähumuksinen",9.4340633539004,NA,NA,NA,"1",2010.90909090909,"vähähumuksinen",6.86310656561223,0.321562533878876,6.20542880717428,7.52552519393606
2011.54545454545,"humuksinen",9.4340633539004,NA,NA,NA,"1",2011.54545454545,"humuksinen",11.2398137129506,0.553591404644463,10.2091556946309,12.4046417801427
2011.54545454545,"vähähumuksinen",9.4340633539004,NA,NA,NA,"1",2011.54545454545,"vähähumuksinen",6.9071711408311,0.322999356124757,6.24377013545557,7.57541809413291
2012.18181818182,"humuksinen",9.4340633539004,NA,NA,NA,"1",2012.18181818182,"humuksinen",11.2654856940246,0.551828575409783,10.2336645374606,12.4313691588594
2012.18181818182,"vähähumuksinen",9.4340633539004,NA,NA,NA,"1",2012.18181818182,"vähähumuksinen",6.94591987331946,0.324961774734302,6.28453087743539,7.6245926961093
2012.81818181818,"humuksinen",9.4340633539004,NA,NA,NA,"1",2012.81818181818,"humuksinen",11.291462324866,0.551690508966739,10.2584471158737,12.4589796543652
2012.81818181818,"vähähumuksinen",9.4340633539004,NA,NA,NA,"1",2012.81818181818,"vähähumuksinen",6.98434494077651,0.32531101769028,6.31980037155499,7.66320490413836
2013.45454545455,"humuksinen",9.4340633539004,NA,NA,NA,"1",2013.45454545455,"humuksinen",11.3171027671508,0.55298189284281,10.2770701456973,12.4784485044241
2013.45454545455,"vähähumuksinen",9.4340633539004,NA,NA,NA,"1",2013.45454545455,"vähähumuksinen",7.02013348859101,0.330028900976329,6.3508551241695,7.69966602990019
2014.09090909091,"humuksinen",9.4340633539004,NA,NA,NA,"1",2014.09090909091,"humuksinen",11.3339038855013,0.554976470211709,10.282581201701,12.4824603877857
2014.09090909091,"vähähumuksinen",9.4340633539004,NA,NA,NA,"1",2014.09090909091,"vähähumuksinen",7.05261453153065,0.329897957922313,6.38258333067451,7.73518483477393
2014.72727272727,"humuksinen",9.4340633539004,NA,NA,NA,"1",2014.72727272727,"humuksinen",11.3466312877864,0.559081065917196,10.2923047366362,12.4951093072564
2014.72727272727,"vähähumuksinen",9.4340633539004,NA,NA,NA,"1",2014.72727272727,"vähähumuksinen",7.08084733376218,0.332145366430458,6.41547313296744,7.77282487399623
2015.36363636364,"humuksinen",9.4340633539004,NA,NA,NA,"1",2015.36363636364,"humuksinen",11.3550527828432,0.561074768492801,10.3000609509221,12.5035148638708
2015.36363636364,"vähähumuksinen",9.4340633539004,NA,NA,NA,"1",2015.36363636364,"vähähumuksinen",7.10984697566581,0.336129705688476,6.4409632397308,7.80160805150665
2016,"humuksinen",9.4340633539004,NA,NA,NA,"1",2016,"humuksinen",11.3569005969868,0.557631239889696,10.3041950227403,12.5218985942609
2016,"vähähumuksinen",9.4340633539004,NA,NA,NA,"1",2016,"vähähumuksinen",7.13649662271882,0.3328915146168,6.46395080189582,7.82544970901952
2016.63636363636,"humuksinen",9.4340633539004,NA,NA,NA,"1",2016.63636363636,"humuksinen",11.3586065461554,0.558580476912057,10.3135526287866,12.5095555813683
2016.63636363636,"vähähumuksinen",9.4340633539004,NA,NA,NA,"1",2016.63636363636,"vähähumuksinen",7.16208972370137,0.332960823611958,6.48481437227505,7.8567217724914
2017.27272727273,"humuksinen",9.4340633539004,NA,NA,NA,"1",2017.27272727273,"humuksinen",11.3614444332376,0.564352477136261,10.3121415736918,12.5176691331305
2017.27272727273,"vähähumuksinen",9.4340633539004,NA,NA,NA,"1",2017.27272727273,"vähähumuksinen",7.18701058535244,0.335385018156314,6.50230758177852,7.88283367241012
2017.90909090909,"humuksinen",9.4340633539004,NA,NA,NA,"1",2017.90909090909,"humuksinen",11.3548802211511,0.564065759906962,10.3031920561124,12.5241490460617
2017.90909090909,"vähähumuksinen",9.4340633539004,NA,NA,NA,"1",2017.90909090909,"vähähumuksinen",7.21265147169212,0.338106683761326,6.52202301153239,7.90044905488616
2018.54545454545,"humuksinen",9.4340633539004,NA,NA,NA,"1",2018.54545454545,"humuksinen",11.3502027030828,0.564665414431775,10.3016923797866,12.5224627796348
2018.54545454545,"vähähumuksinen",9.4340633539004,NA,NA,NA,"1",2018.54545454545,"vähähumuksinen",7.23493118156002,0.342019569898021,6.53768539940782,7.93223430971531
2019.18181818182,"humuksinen",9.4340633539004,NA,NA,NA,"1",2019.18181818182,"humuksinen",11.3435233532795,0.569012501635527,10.2937483348337,12.5124695651039
2019.18181818182,"vähähumuksinen",9.4340633539004,NA,NA,NA,"1",2019.18181818182,"vähähumuksinen",7.25745003592303,0.345783973495984,6.55714237954657,7.95804962529477
2019.81818181818,"humuksinen",9.4340633539004,NA,NA,NA,"1",2019.81818181818,"humuksinen",11.332416088473,0.570914801007018,10.2684815188293,12.5039337268998
2019.81818181818,"vähähumuksinen",9.4340633539004,NA,NA,NA,"1",2019.81818181818,"vähähumuksinen",7.27872971479033,0.354405499379217,6.57390049587471,7.98781811221306
2020.45454545455,"humuksinen",9.4340633539004,NA,NA,NA,"1",2020.45454545455,"humuksinen",11.3222515101144,0.581013207197429,10.2503525256167,12.5088130025028
2020.45454545455,"vähähumuksinen",9.4340633539004,NA,NA,NA,"1",2020.45454545455,"vähähumuksinen",7.30119621469431,0.361827416919471,6.57882963602228,8.02193862076212
2021.09090909091,"humuksinen",9.4340633539004,NA,NA,NA,"1",2021.09090909091,"humuksinen",11.3062864119013,0.587393436199,10.2235525754675,12.5230743838461
2021.09090909091,"vähähumuksinen",9.4340633539004,NA,NA,NA,"1",2021.09090909091,"vähähumuksinen",7.32202502277429,0.365603014294714,6.59326370838031,8.06070304729385
2021.72727272727,"humuksinen",9.4340633539004,NA,NA,NA,"1",2021.72727272727,"humuksinen",11.2923034067397,0.602986587273829,10.1734697276957,12.5328064049284
2021.72727272727,"vähähumuksinen",9.4340633539004,NA,NA,NA,"1",2021.72727272727,"vähähumuksinen",7.34004741517261,0.376685776130893,6.6042151019661,8.10228514588876
2022.36363636364,"humuksinen",9.4340633539004,NA,NA,NA,"1",2022.36363636364,"humuksinen",11.2815841826373,0.619827339020826,10.1274509086704,12.5742058507579
2022.36363636364,"vähähumuksinen",9.4340633539004,NA,NA,NA,"1",2022.36363636364,"vähähumuksinen",7.35929558591708,0.386531077794527,6.61355168527646,8.1476690095903
2023,"humuksinen",9.4340633539004,NA,NA,NA,"1",2023,"humuksinen",11.2702167809028,0.634725860379831,10.0925370444696,12.5871152718485
2023,"vähähumuksinen",9.4340633539004,NA,NA,NA,"1",2023,"vähähumuksinen",7.38120104716368,0.397197089926623,6.60065337117911,8.20267450766626
